last_name, first_name,player_id,attempts,avg_hit_angle,anglesweetspotpercent,max_hit_speed,avg_hit_speed,fbld,gb,max_distance,avg_distance,avg_hr_distance,ev95plus,ev95percent,barrels,brl_percent,brl_pa
Stanton, Giancarlo,519317,275,14,30.5,120.1,93.8,97,94,504,186,423,133,48.4,44,16,9.4
Flowers, Tyler,452095,194,12.9,35.6,118.5,93.2,95.4,92.6,451,177,422,94,48.5,23,11.9,7.1
Correa, Carlos,621043,441,6.9,33.6,118.2,91,95,88.7,462,158,408,191,43.3,34,7.7,5.2
Hernandez, Enrique,571771,152,13.8,33.6,118.1,88.6,91,88,451,176,410,54,35.5,10,6.6,4.1
Gonzalez, Carlos,471865,456,8.6,32.9,118,90.1,93.2,88.7,462,173,427,189,41.4,40,8.8,6.3
Mazara, Nomar,608577,411,8.4,32.6,117.8,88,91.4,86.3,491,155,416,143,34.8,28,6.8,4.9
Trumbo, Mark,444432,443,14.7,32.5,117.2,92.7,96.7,90.9,458,194,410,201,45.4,70,15.8,10.5
Garcia, Avisail,541645,300,5.4,31.3,117.1,90.2,95.2,87.4,465,149,414,119,39.7,24,8,5.3
Trout, Mike,545361,417,12.9,38.4,117.1,90.8,94.3,87.1,446,198,412,169,40.5,61,14.6,9
Rua, Ryan,607387,166,10.1,25.9,117,90.2,91.3,90.6,446,149,415,67,40.4,11,6.6,4.1
Machado, Manny,592518,525,14.7,35.4,116.8,90.3,94.8,88.4,453,193,405,230,43.8,50,9.5,7.2
Williamson, Mac,607776,77,7.4,24.7,116.8,91.3,97.3,88.5,460,164,410,33,42.9,7,9.1,5.5
Pujols, Albert,405395,524,12,32.4,116.5,91.5,94.6,90,448,183,410,233,44.5,50,9.5,7.7
Vargas, Kennys,573627,96,17,30.2,116.4,90.3,93.9,88.7,433,202,412,40,41.7,13,13.5,7.3
Cruz, Nelson,443558,437,11.1,35.5,116.3,94.4,99.1,91.5,493,186,415,229,52.4,72,16.5,10.8
Springer, George,543807,467,8.6,32.3,115.9,89.3,94.4,85.7,455,171,409,177,37.9,49,10.5,6.6
Paulsen, Ben,572019,65,8,30.8,115.9,86.9,92.8,83.6,419,145,419,18,27.7,3,4.6,3.1
Davis, Khris,501981,394,12.9,31.7,115.9,91.7,97.7,86.5,467,193,409,190,48.2,67,17,11
Maldonado, Martin,455117,156,9.7,32.1,115.6,86.1,90.5,83,447,168,410,46,29.5,12,7.7,4.7
Morales, Kendrys,434778,443,11.4,35,115.6,92.8,96.3,89.8,459,190,411,221,49.9,48,10.8,7.8
Holliday, Matt,407812,312,8.3,27.9,115.5,93,96.6,91.9,466,171,399,148,47.4,25,8,5.9
Kepler, Max,596146,309,8.3,30.1,115.4,89.3,90.9,89.9,442,168,396,116,37.5,12,3.9,2.7
Cron, C.J.,543068,337,12.7,34.1,115.4,89.3,92.6,87.2,467,181,408,133,39.5,27,8,6.1
Bautista, Jose,430832,324,14.8,31.2,115.3,91.6,96.5,90,436,179,387,150,46.3,29,9,5.6
Judge, Aaron,592450,43,20.6,32.6,115.2,95.1,100.2,91.5,446,210,416,25,58.1,5,11.6,5.3
Johnson, Chris,453400,166,10.7,37.3,115.2,90.1,93.3,87.5,401,166,370,71,42.8,8,4.8,3
Alvarez, Pedro,476883,242,12.8,31.8,115,92.6,98.7,89.8,452,178,405,120,49.6,31,12.8,8.2
Conforto, Michael,624424,218,15.2,38.5,115,90.1,92.8,87.4,425,197,393,85,39,24,11,6.9
Hosmer, Eric,543333,477,3.6,26.2,114.9,91.6,95.4,90,447,155,403,212,44.4,45,9.4,6.7
Holt, Tyler,534627,135,4.4,32.6,114.9,81.8,83.6,80.4,367,140,,23,17,1,0.7,0.5
Duda, Lucas,446263,119,15,38.7,114.9,89.8,94.5,85.9,421,189,397,54,45.4,12,10.1,7
Broxton, Keon,542979,120,8.3,33.3,114.9,91.7,96.6,86.7,429,185,397,59,49.2,11,9.2,4.5
Ramirez, Hanley,434670,433,9.1,30.5,114.9,90.4,94.8,89.2,468,165,382,184,42.5,45,10.4,7.3
Martinez, J.D.,502110,337,13.4,38,114.7,91.4,96.1,86.8,439,189,397,157,46.6,48,14.2,9.3
Soler, Jorge,624585,164,16.7,28,114.7,89.8,93.2,87.9,461,193,411,59,36,17,10.4,6.4
Braun, Ryan,460075,416,4.3,27.4,114.7,89.9,94.5,87.9,450,154,403,162,38.9,35,8.4,6.2
Betts, Mookie,605141,599,12.5,32.2,114.7,89.7,92.6,89.5,428,176,388,240,40.1,32,5.3,4.4
Werth, Jayson,150029,392,14.9,32.7,114.7,91.3,92.6,91.7,453,186,411,175,44.6,30,7.7,5
Freeman, Freddie,518692,423,17.3,47,114.6,91.3,95.6,85,448,214,396,193,45.6,58,13.7,8.4
Puig, Yasiel,624577,263,11.8,25.1,114.6,90.2,94.2,90.8,439,149,395,106,40.3,17,6.5,4.6
Cespedes, Yoenis,493316,377,16.3,32.9,114.6,91.7,95,90.4,457,192,407,180,47.7,37,9.8,6.8
Upton, Justin,457708,393,15.6,33.6,114.4,91.3,94.9,89.9,453,193,410,180,45.8,49,12.5,7.8
Markakis, Nick,455976,507,10.9,37.7,114.3,90.6,91.8,90.8,419,173,385,218,43,25,4.9,3.7
Carter, Chris,474892,353,18.5,36.8,114.3,91.7,97,84.9,465,222,412,164,46.5,62,17.6,9.6
Tomas, Yasmany,630111,395,9.8,33.9,114.3,90.6,95.1,87.3,460,188,407,168,42.5,42,10.6,7.5
Cabrera, Miguel,408234,484,12.3,40.7,114.3,93.6,97.1,91,462,196,405,244,50.4,77,15.9,11.3
Sano, Miguel,593934,262,16.6,33.6,114.2,92.3,96.8,86.8,464,211,406,128,48.9,37,14.1,7.5
Weeks Jr., Rickie,430001,127,10.7,31.5,114.2,91.2,95.6,88.3,451,200,406,57,44.9,18,14.2,8.8
Napoli, Mike,435063,368,18.6,33.4,114.2,89.6,96.3,82.9,463,193,413,142,38.6,49,13.3,7.6
Grichuk, Randal,545341,306,16.2,28.4,114.2,91.4,95.1,89.5,443,187,407,141,46.1,30,9.8,6.3
Peralta, David,444482,130,8.8,30,114.1,89.1,94.3,86.7,427,161,413,50,38.5,7,5.4,3.8
Donaldson, Josh,518626,463,14.7,33,114.1,92,97.6,87.8,456,187,405,229,49.5,58,12.5,8.3
Villar, Jonathan,542340,424,2.9,29.5,114.1,88,94.6,84.3,436,148,399,164,38.7,28,6.6,4.1
Parker, Jarrett,592620,83,7.9,37.3,114.1,86.1,91.4,83,436,163,402,29,34.9,5,6,3.3
Bour, Justin,571506,227,9.9,34.8,114.1,91.5,95.4,89.5,444,180,408,106,46.7,23,10.1,7.2
Schebler, Scott,594988,198,6.5,27.8,114.1,89.2,92.4,88.4,433,138,400,76,38.4,10,5.1,3.5
Gattis, Evan,594828,324,13,33.6,114,89.5,93.7,87.5,439,183,400,117,36.1,35,10.8,7
Zimmerman, Ryan,475582,329,9,29.8,113.9,92.5,95.8,91.4,421,164,404,152,46.2,23,7,4.9
Ozuna, Marcell,542303,446,10.8,32.5,113.8,90.7,94,89.4,447,172,406,186,41.7,35,7.8,5.8
Polanco, Gregory,570256,415,13.5,35.7,113.8,89.6,94,86.7,461,185,399,165,39.8,26,6.3,4.4
Valencia, Danny,502143,358,9.9,35.2,113.8,90,94,88.6,456,162,411,146,40.8,28,7.8,5.4
Morrison, Logan,489149,266,12.1,32.3,113.7,90.4,95.6,87.2,444,175,408,111,41.7,20,7.5,5
Pence, Hunter,452254,303,5.3,27.4,113.7,90.8,95.2,88.8,458,148,403,124,40.9,22,7.3,5
Contreras, Willson,575929,186,5.9,32.3,113.7,87.8,93.2,84,461,162,408,63,33.9,16,8.6,5.7
Souza Jr., Steven,519306,273,12.7,37.4,113.6,89.3,94.6,84.3,459,178,402,104,38.1,29,10.6,6.2
Rupp, Cameron,519237,276,9.2,29.7,113.6,91.3,94.9,88.9,465,168,409,130,47.1,26,9.4,6.2
Schoop, Jonathan,570731,481,12,30.1,113.6,87.4,93,84.5,458,163,410,170,35.3,32,6.7,4.9
Yelich, Christian,592885,445,2.5,33,113.6,92.4,96.5,90.2,451,146,404,222,49.9,43,9.7,6.5
Zunino, Mike,572287,100,21.8,32,113.5,89.7,95.6,81.7,433,216,395,40,40,15,15,7.8
Moss, Brandon,461235,277,21.7,37.2,113.5,87.9,93.4,80.8,454,223,400,107,38.6,37,13.4,8
Marte, Ketel,606466,362,5.2,29,113.5,83.6,87.2,82.9,400,136,400,72,19.9,1,0.3,0.2
Rizzo, Anthony,519203,478,16.4,32.6,113.5,89,92.4,86.6,451,193,402,177,37,44,9.2,6.5
Herrera, Odubel,546318,453,9.3,31.6,113.5,86.9,89.9,86.1,430,168,398,142,31.3,19,4.2,2.9
Murphy, Daniel,502517,482,16.8,37.1,113.5,90.6,93.1,89.9,448,200,399,199,41.3,41,8.5,7
Frazier, Todd,453943,435,20.3,32,113.5,88.8,93.9,85.2,431,192,399,154,35.4,44,10.1,6.6
Turner, Trea,607208,250,10.5,35.6,113.5,89.1,92.7,86.6,451,179,404,92,36.8,17,6.8,5.2
Ortiz, David,120074,458,16.7,40.2,113.4,92.9,96.9,89.3,442,213,402,219,47.8,70,15.3,11.2
Abreu, Jose,547989,508,10.3,33.3,113.4,89.7,92.9,88.3,465,166,410,201,39.6,41,8.1,5.9
Cano, Robinson,429664,560,11.6,33.2,113.4,90.1,93.5,88.5,427,170,394,242,43.2,43,7.7,6
Castro, Starlin,516770,465,8.9,32.9,113.3,88.5,92.4,86.4,443,163,404,162,34.8,25,5.4,4.1
Drury, Brandon,592273,365,9.1,32.1,113.3,88.8,92.7,87.2,445,163,406,133,36.4,25,6.8,5
Myers, Wil,571976,444,10.2,36.9,113.2,88.6,92.7,85.4,453,169,401,174,39.2,31,7,4.6
Dickerson, Alex,543105,211,15.5,31.8,113.2,88.6,94.2,86.3,446,179,395,83,39.3,14,6.6,4.9
Bogaerts, Xander,593428,532,11.3,28.4,113.2,88.8,92.6,88.1,430,158,400,179,33.6,28,5.3,3.9
Franco, Maikel,596748,479,11.9,29.2,113.2,89.6,94.2,87.6,471,165,403,197,41.1,34,7.1,5.4
Sanchez, Gary,596142,146,7.9,36.3,113.1,92.7,97.8,90.6,437,178,407,71,48.6,23,15.8,10
Moya, Steven,570615,57,13.4,43.9,113.1,92.5,93.9,91.5,441,200,383,24,42.1,5,8.8,5
Miller, Brad,543543,402,11.7,29.6,113.1,90.3,94.4,89.4,446,181,406,172,42.8,39,9.7,6.5
Pillar, Kevin,607680,464,10.4,28,113,86.2,91,83.7,424,149,400,140,30.2,14,3,2.4
Fielder, Prince,425902,267,11.1,32.2,113,88.7,92,87.2,437,171,414,85,31.8,16,6,4.3
Robinson, Clint,519208,164,13.1,28.7,112.9,87.4,93.2,85.4,419,155,386,54,32.9,8,4.9,3.6
Haniger, Mitch,571745,83,14.2,30.1,112.9,92.1,95,90.5,441,194,424,38,45.8,5,6,4.1
Encarnacion, Edwin,429665,471,15.7,36.3,112.8,90.8,95.5,86.5,471,188,409,194,41.2,58,12.3,8.3
Lind, Adam,452252,314,10.9,33.8,112.8,91.2,95.2,88.9,444,181,399,134,42.7,27,8.6,6.3
Perez, Salvador,521692,397,19.1,29.7,112.7,88.8,92.5,88.5,432,186,396,149,37.5,25,6.3,4.6
Harper, Bryce,547180,399,14.6,32.1,112.7,88.6,92.7,85.9,461,179,409,147,36.8,30,7.5,4.8
Naquin, Tyler,571980,213,9.4,35.7,112.7,90.1,94.4,86.8,439,174,404,96,45.1,18,8.5,4.9
Blackmon, Charlie,453568,483,14.5,39.3,112.7,86.9,90.6,83.3,455,193,404,162,33.5,33,6.8,5.1
Seager, Corey,608369,496,10.2,37.9,112.7,91,94.9,87.8,449,175,399,218,44,41,8.3,6
Dickerson, Corey,572816,378,17.9,34.1,112.7,89,92.9,85.6,448,196,398,145,38.4,42,11.1,7.7
Bryant, Kris,592178,452,20.9,36.7,112.6,89.3,93.8,83.4,469,204,401,177,39.2,54,11.9,7.7
Austin, Tyler,592122,47,12.6,34,112.6,88.8,95.4,82.5,425,173,376,17,36.2,8,17,8.9
Joseph, Tommy,571830,246,16.7,33.3,112.6,89.9,94.6,87,455,199,409,103,41.9,29,11.8,8.4
Maybin, Cameron,457727,283,3.9,27.2,112.5,86.8,89.7,86.2,410,131,367,91,32.2,8,2.8,2
Pearce, Steve,456665,211,15.8,29.9,112.5,89.8,93.9,87.2,438,176,396,85,40.3,19,9,6.3
Moreland, Mitch,519048,342,14.7,33.6,112.5,90.5,94.8,88.6,456,185,414,135,39.5,33,9.6,6.6
Iannetta, Chris,455104,215,15,30.2,112.5,89.1,93.3,87.7,456,174,403,86,40,12,5.6,3.6
Gomez, Carlos,460576,277,8.2,30,112.4,85.3,93.5,79.2,445,152,411,89,32.1,18,6.5,4
Butler, Billy,456714,211,8.7,41.2,112.4,90.2,94.9,85.6,445,169,421,88,41.7,17,8.1,6.2
Margot, Manuel,622534,30,0.5,30,112.4,89,92,87.9,359,114,,10,33.3,0,0,0
Pederson, Joc,592626,279,13.8,30.8,112.4,91,97.1,87.3,463,186,408,131,47,35,12.5,7.4
Rodriguez, Alex,121347,161,10.7,26.1,112.3,89.7,94,87.6,440,160,406,61,37.9,12,7.5,4.9
Story, Trevor,596115,245,16.7,44.5,112.3,90.3,94.9,84.5,456,223,422,109,44.5,34,13.9,8.2
Baez, Javier,595879,316,11.4,26.9,112.3,86.4,92.2,82.2,425,170,390,102,32.3,19,6,4.2
Shaw, Travis,543768,351,16.1,34.2,112.3,88.5,92.7,85.2,449,197,407,120,34.2,28,8,5.3
Shaffer, Richie,572128,31,15.2,25.8,112.3,89,92.1,88.1,416,169,416,7,22.6,1,3.2,1.9
Diaz, Aledmys,649557,352,11.7,30.1,112.2,88.7,92.7,86.5,440,178,403,137,38.9,16,4.5,3.5
Bethancourt, Christian,542194,138,11.1,30.4,112.2,87.9,93.3,85.1,445,174,417,48,34.8,10,7.2,4.9
Espinosa, Danny,457787,353,12,28,112.2,86.4,94.4,78.5,421,184,399,121,34.3,32,9.1,5.3
Lindor, Francisco,596019,534,7.7,35.2,112.1,88.4,90.8,87.1,435,162,394,177,33.1,22,4.1,3.2
Marisnick, Jake,545350,209,9.2,31.6,112.1,84.1,90.3,81.5,409,146,384,72,34.4,9,4.3,2.9
Odor, Rougned,596059,474,13.1,31.6,112.1,88.3,93.6,84,465,184,397,179,37.8,37,7.8,5.9
Park, ByungHo,666560,138,13.5,37,112.1,88.5,96.6,80.3,458,191,420,59,42.8,23,16.7,9.4
Bourjos, Peter,488721,271,6,26.6,112.1,85.9,91.1,83.3,412,147,398,89,32.8,7,2.6,1.8
Taylor, Michael A.,572191,145,7.8,37.9,112.1,87.1,94.1,81.1,410,169,387,55,37.9,11,7.6,4.6
Castillo, Welington,456078,299,12.9,35.8,112.1,88.8,92,85.7,438,185,391,112,37.5,18,6,3.9
Pirela, Jose,517369,31,5.8,19.4,112,84.1,93.3,83.8,370,126,,10,32.3,0,0,0
Goldschmidt, Paul,502671,437,11.1,33.2,112,91,94.8,88.5,439,175,412,186,42.6,34,7.8,4.8
Brito, Socrates,593647,72,13.7,37.5,112,86.4,90.2,85.9,452,186,417,20,27.8,5,6.9,5.2
Desmond, Ian,435622,468,4.7,28.8,112,90.5,94.3,89,462,146,404,203,43.4,35,7.5,5.2
Nunez, Eduardo,456488,473,8.1,29,112,88.6,92,88.1,438,157,401,175,37,21,4.4,3.5
LeMahieu, DJ,518934,486,4.8,36.6,111.9,90.4,93,89.1,450,157,418,231,47.5,24,4.9,3.8
Bruce, Jay,457803,416,14.6,36.1,111.9,88.8,93.1,84.2,452,195,397,160,38.5,36,8.7,6.1
Wallace, Brett,477165,135,9.8,30.4,111.9,88,92.2,85.6,416,153,389,48,35.6,12,8.9,4.7
Reynolds, Mark,448602,283,12.2,33.6,111.8,87.9,92.3,84.1,484,167,413,106,37.5,17,6,3.9
Kim, Hyun Soo,547957,255,6,30.6,111.8,90.1,92.9,89,421,165,390,92,36.1,13,5.1,3.8
Gutierrez, Franklin,429711,166,11,32.5,111.8,92,98.1,88.1,429,174,383,80,48.2,19,11.4,6.7
Pham, Tommy,502054,89,7.7,36,111.8,92,98.7,85.2,420,173,391,44,49.4,14,15.7,7.7
Brentz, Bryce,518490,44,-1.5,25,111.7,87.1,89,86.7,411,106,411,14,31.8,1,2.3,1.6
Kratz, Erik,456124,54,15.4,16.7,111.7,87.1,94.7,82.2,377,168,340,25,46.3,3,5.6,3.4
Altherr, Aaron,571437,129,5.6,29.5,111.7,88.3,93.2,85.6,410,140,398,45,34.9,4,3.1,1.8
Cuthbert, Cheslor,596144,382,12.3,27,111.7,89.2,91.7,89.6,427,156,392,140,36.6,9,2.4,1.8
Smith, Seth,452234,293,8.3,33.1,111.6,89.4,94.6,86,432,158,403,121,41.3,26,8.9,5.9
Marte, Starling,516782,386,8.4,36,111.6,86.6,92.6,82.2,443,160,416,142,36.8,21,5.4,4
Healy, Ryon,592387,210,13.3,35.7,111.6,88.4,91.9,86.3,480,177,404,83,39.5,19,9,6.7
Orlando, Paulo,449181,358,7.2,29.1,111.6,88.4,93,86.6,446,155,411,134,37.4,19,5.3,3.9
Lamb, Jake,571875,373,10.4,35.4,111.6,91.3,96.1,88.1,453,188,406,163,43.7,45,12.1,7.6
Santana, Domingo,570267,156,9.5,35.9,111.5,92.7,96.3,89.6,440,169,407,83,53.2,17,10.9,6
Martin, Leonys,547982,379,11,31.1,111.5,85.6,91,82.5,419,161,381,120,31.7,20,5.3,3.5
Kiermaier, Kevin,595281,293,13.6,29.7,111.5,87.2,91.4,86.7,430,160,388,96,32.8,13,4.4,3.1
Ramos, Wilson,467092,407,4.8,33.4,111.5,90.7,95.9,87.3,455,154,405,177,43.5,31,7.6,5.9
McCutchen, Andrew,457705,458,16.1,33.8,111.4,89.6,94,86.4,439,195,395,193,42.1,39,8.5,5.8
Phegley, Josh,572033,66,13.5,39.4,111.4,86.9,92.2,81.9,391,191,387,19,28.8,4,6.1,4.7
Rendon, Anthony,543685,458,16.9,35.8,111.4,90.8,93.5,90.3,449,196,403,191,41.7,27,5.9,4.2
Hazelbaker, Jeremy,571757,141,8.6,29.8,111.4,85.8,94.3,81,437,161,398,46,32.6,14,9.9,6.3
Rodriguez, Sean,446481,202,12.6,37.1,111.3,90.1,96.3,83.9,458,196,404,74,36.6,23,11.4,6.7
Santana, Carlos,467793,488,14.1,29.5,111.3,90.7,93.7,90,447,178,405,208,42.6,48,9.8,7
Buxton, Byron,621439,187,13.6,29.9,111.3,85.8,92.7,78.6,448,177,405,59,31.6,10,5.3,3
Moustakas, Mike,519058,91,12.5,35.2,111.3,91.2,95.4,88.6,436,185,404,39,42.9,8,8.8,7.1
Davis, Chris,448801,350,16.9,36.3,111.3,90.8,96.2,85.2,446,212,405,154,44,53,15.1,8
Greinke, Zack,425844,48,7.8,31.3,111.3,82.6,90.4,77.3,411,167,,11,22.9,3,6.3,5
Arenado, Nolan,571448,523,18.7,33.1,111.2,89.4,92.7,87,462,199,411,206,39.4,47,9,6.8
Nieuwenhuis, Kirk,543590,202,8.9,29.2,111.2,89.2,94.9,85,463,170,405,76,37.6,20,9.9,5.1
Freese, David,501896,295,2.1,32.5,111.2,90.9,95.2,88.6,452,136,397,143,48.5,25,8.5,5.1
Almonte, Abraham,501659,143,7.6,29.4,111.1,87.4,92.3,84.9,442,160,442,55,38.5,8,5.6,4.1
Arcia, Oswaldo,542455,123,11.8,36.6,111.1,86.2,92.7,79.5,445,184,404,41,33.3,12,9.8,5.4
Carpenter, Matt,572761,372,17,42.7,111.1,89.7,93.7,82.6,439,218,398,154,41.4,42,11.3,7.4
Tulowitzki, Troy,453064,395,13.9,33.7,111.1,90,93.9,87.4,454,184,396,160,40.5,38,9.6,7
Wright, David,431151,82,21.2,50,111.1,91.7,94.4,84.5,424,240,386,37,45.1,16,19.5,9.8
Kendrick, Howie,435062,394,1.6,27.9,111,90.1,93.2,88.6,434,135,389,166,42.1,23,5.8,4.2
Iglesias, Jose,578428,427,7.1,29.7,111,82.5,87,80.7,424,140,379,90,21.1,3,0.7,0.6
Grandal, Yasmani,518735,275,11.9,28.7,111,91,95.9,88,449,183,410,123,44.7,34,12.4,7.4
Kang, Jung Ho,628356,241,10.7,32,110.9,90.1,96.1,85.1,445,181,403,97,40.2,21,8.7,5.7
Beltran, Carlos,136860,455,12.7,33.2,110.9,90,92.5,89.7,436,171,386,176,38.7,31,6.8,5.2
Adams, Matt,571431,219,19.1,39.7,110.9,89.4,94.3,83.8,455,216,417,91,41.6,25,11.4,7.6
Lucroy, Jonathan,518960,394,14.7,38.1,110.9,87.6,91.5,85.1,429,186,398,138,35,30,7.6,5.5
Beckham, Tim,542921,133,11,30.1,110.9,88.8,95,86.1,439,168,409,60,45.1,8,6,3.7
Heyward, Jason,518792,440,10.6,29.1,110.8,86.7,89.6,86.6,409,162,383,136,30.9,12,2.7,2
Young, Chris,455759,153,21.8,39.2,110.8,88.2,91.4,88.3,408,212,384,56,36.6,7,4.6,3.1
Almora Jr., Albert,546991,92,7.5,35.9,110.7,86.9,90.3,83.4,408,163,393,29,31.5,4,4.3,3.4
Scruggs, Xavier,489305,42,5.8,35.7,110.7,90.2,93,87.7,421,182,421,19,45.2,2,4.8,2.9
Plouffe, Trevor,461858,263,12.3,29.7,110.7,89.6,93.7,88,436,170,396,105,39.9,17,6.5,4.9
Kemp, Matt,461314,479,14.4,37.4,110.7,88.3,93.4,82.5,452,195,409,182,38,53,11.1,7.9
Duvall, Adam,594807,396,19,36.6,110.7,88.6,94.4,82.3,457,203,401,163,41.2,48,12.1,7.9
Piscotty, Stephen,572039,452,13.4,33.6,110.7,88.1,93,84.7,450,176,394,171,37.8,39,8.6,6
Ramirez, Jose,608070,508,12.9,35.4,110.7,88,90.3,87,430,171,396,167,32.9,15,3,2.4
Upton, B.J.,425834,344,8.8,31.7,110.7,87.9,92.3,84.7,465,160,408,125,36.3,21,6.1,3.9
Martin, Russell,431145,313,9.7,29.7,110.7,89,93.8,85.9,444,168,398,125,39.9,29,9.3,5.4
Uribe, Juan,346874,192,10.1,30.2,110.7,88.1,92.8,85.5,421,168,402,72,37.5,14,7.3,5.4
Cain, Lorenzo,456715,317,9.3,36,110.7,88.6,89.2,89.1,445,160,402,106,33.4,14,4.4,3.2
Romine, Austin,519222,138,7.6,28.3,110.6,85.9,89.3,83.7,442,158,414,39,28.3,6,4.3,3.4
Cabrera, Melky,466320,530,10.9,33.6,110.6,89.2,90.2,90,428,175,392,180,34,11,2.1,1.7
Morneau, Justin,408047,153,9.2,37.3,110.6,90.2,91.2,90,405,157,386,55,35.9,6,3.9,2.8
Alonso, Yonder,475174,412,10.4,34,110.6,88.1,92.2,86.1,431,166,392,153,37.1,17,4.1,3.2
Dietrich, Derek,518618,272,13.3,40.4,110.6,85.6,91.1,81,432,179,407,86,31.6,22,8.1,5.3
Stubbs, Drew,453211,43,11.2,23.3,110.6,86.5,93.2,83.8,420,148,393,15,34.9,3,7,3.2
Jones, Adam,430945,513,14.5,32,110.5,88.4,92.6,85.6,453,183,398,180,35.1,41,8,6.1
Tucker, Preston,605512,94,14.3,24.5,110.5,88.9,96.3,87,416,157,390,38,40.4,5,5.3,3.5
Blash, Jabari,518466,37,12.1,29.7,110.4,82.3,92.8,76.2,416,141,396,10,27,4,10.8,4.8
Saunders, Michael,459431,337,10.7,34.1,110.4,89.6,94.2,85.6,422,180,388,152,45.1,28,8.3,5
Paredes, Jimmy,517370,112,5.6,25,110.4,89.1,93.2,87.2,418,149,392,43,38.4,11,9.8,6.6
Zobrist, Ben,450314,449,8.6,32.7,110.4,88.2,92.6,84.9,422,161,386,159,35.4,20,4.5,3.2
Francoeur, Jeff,425796,221,8.2,32.1,110.4,87.7,92.8,84.8,431,161,407,72,32.6,12,5.4,3.6
White, Tyler,643603,186,15.3,32.3,110.4,88.1,93,85.4,427,168,394,59,31.7,13,7,4.7
Heisey, Chris,502317,96,18.7,33.3,110.3,85.3,90.5,80,429,199,406,27,28.1,10,10.4,6.5
Smolinski, Jake,519295,249,13,31.3,110.3,87.4,92.4,84.7,419,170,385,75,30.1,11,4.4,3.4
Marte, Jefry,527043,202,13,30.7,110.3,89.2,94.1,87.8,455,166,410,74,36.6,14,6.9,4.9
Thompson, Trayce,572204,170,8.4,31.2,110.2,88.3,93.2,86.1,431,154,400,60,35.3,18,10.6,6.9
Mahtook, Mikie,543484,119,18.9,25.2,110.2,89.5,92.9,88.1,424,199,408,44,37,7,5.9,3.6
Solarte, Yangervis,500208,345,12.5,28.4,110.2,88.1,91.4,86.8,440,171,393,115,33.3,13,3.8,2.9
Wieters, Matt,446308,342,15.8,35.4,110.2,87.6,92.6,83.3,439,187,388,113,33,26,7.6,5.6
Segedin, Rob,574847,53,7.6,30.2,110.2,90.9,95.3,88.9,391,157,381,21,39.6,2,3.8,2.4
Martinez, Victor,400121,466,15.7,37.8,110.2,90,93.9,87,421,190,389,196,42.1,39,8.4,6.4
Longoria, Evan,446334,496,18.3,38.1,110.2,90.7,94.4,87.5,462,203,399,206,41.5,59,11.9,8.6
Gonzalez, Marwin,503556,373,6.5,31.1,110.2,86.2,94,80.2,440,157,392,132,35.4,20,5.4,3.9
Smoak, Justin,475253,187,18.7,40.6,110.2,91.5,94.6,87.9,411,201,392,79,42.2,22,11.8,6.5
Posey, Buster,457763,479,9.8,33.6,110.2,90.5,94.3,87.5,423,169,401,208,43.4,34,7.1,5.5
Perez, Roberto,547379,117,4.5,24.8,110.1,86.3,94.1,82.5,410,144,383,40,34.2,7,6,3.8
Hundley, Nick,460026,226,10.5,28.8,110.1,89.7,92.1,89,419,174,404,84,37.2,12,5.3,3.8
Motter, Taylor,600301,62,11.5,32.3,110,85.3,87.5,84.3,392,179,386,13,21,3,4.8,3.2
Barnes, Brandon,488681,75,8.3,29.3,110,82.2,90.5,75.7,396,187,,20,26.7,6,8,5.5
Sanchez, Hector,516949,39,23.3,33.3,110,88.2,91.7,85.8,396,199,366,12,30.8,3,7.7,5.6
Segura, Jean,516416,542,6.9,31.5,110,88.2,92.2,85.7,452,169,399,185,34.1,32,5.9,4.6
Raburn, Ryan,430605,146,11.5,28.1,109.9,90.2,95.6,87.3,424,167,394,63,43.2,9,6.2,3.5
Ruf, Darin,573131,60,15.2,35,109.9,89.2,95,86.2,450,181,409,23,38.3,5,8.3,5.6
Lester, Jon,452657,51,-8.6,19.6,109.9,78.3,94.6,72.1,394,131,,14,27.5,2,3.9,2.7
Ellsbury, Jacoby,453056,474,10.4,31,109.9,86.5,89.9,85.9,431,157,382,149,31.4,8,1.7,1.3
Beltre, Adrian,134181,520,14.4,34.2,109.9,90.1,93.7,88.2,456,184,399,208,40,44,8.5,6.9
Eibner, Brett,518649,139,17.6,28.1,109.9,85.1,93.7,80.3,422,173,405,44,31.7,10,7.2,4.8
Burns, Billy,542993,279,4.5,25.8,109.8,81.1,83.5,81.4,364,127,,35,12.5,0,0,0
Lawrie, Brett,543434,243,16.6,30.9,109.8,88.9,93,87.8,417,180,395,85,35,16,6.6,4.2
Herrmann, Chris,543302,106,9.4,32.1,109.8,88.8,93.8,83.9,438,205,411,38,35.8,10,9.4,6
Cardullo, Stephen,506924,44,20.8,31.8,109.7,85.8,90.4,77.2,445,196,423,15,34.1,1,2.3,1.7
Rosales, Adam,489267,130,15.4,36.2,109.7,89.7,94,85.9,425,199,391,51,39.2,15,11.5,6
Mondesi, Adalberto,609275,93,3.5,23.7,109.7,81.3,93.2,73.5,412,158,412,26,28,6,6.5,4
Fowler, Dexter,451594,337,12,37.7,109.7,87.4,90.5,85,439,185,398,110,32.6,19,5.6,3.4
Saltalamacchia, Jarrod,457454,147,21.5,34.7,109.7,89.3,92.7,83.1,439,213,389,52,35.4,17,11.6,5.8
Realmuto, J.T.,592663,412,9.8,28.6,109.7,88.6,92.4,87.4,432,150,402,146,35.4,17,4.1,3.1
Reed, AJ,607223,75,11.8,22.7,109.7,88.7,92.6,85,417,167,417,31,41.3,6,8,4.3
Goodwin, Brian,571718,28,1.6,25,109.6,89.9,95.6,87.9,378,154,,14,50,1,3.6,2.3
Teixeira, Mark,407893,284,12.5,33.5,109.6,88.3,93,85.6,444,171,385,106,37.3,21,7.4,4.8
Gamel, Ben,592325,35,3.8,28.6,109.6,85.8,96.2,77.5,368,144,,14,40,1,2.9,1.8
Calhoun, Kole,594777,481,14.8,36.8,109.6,89.5,92,88.6,434,187,393,194,40.3,30,6.2,4.5
Murphy, Tom,608596,25,20,44,109.5,94.5,97.1,97.4,482,222,420,14,56,5,20,10.2
Choi, Ji-Man,596847,86,9.8,25.6,109.5,89,95.5,87.1,416,157,383,34,39.5,5,5.8,3.9
Maxwell, Bruce,622194,69,4,37.7,109.5,91.2,94.9,90.3,395,161,387,33,47.8,4,5.8,4
Escobar, Yunel,488862,457,1.3,28.7,109.5,88.8,91.7,87.4,413,130,398,166,36.3,13,2.8,2.3
McCann, James,543510,239,15.4,29.7,109.5,87.6,91.7,83.9,439,179,415,90,37.7,23,9.6,6.2
Valbuena, Luis,472528,216,14.1,32.9,109.4,85.7,92.5,78.3,437,189,404,66,30.6,17,7.9,5
Crawford, Brandon,543063,447,12.1,34.9,109.4,88.3,93.1,84.5,424,180,381,158,35.3,25,5.6,4
Forsythe, Logan,523253,386,13.5,39.1,109.4,90,93.5,86.4,432,186,397,150,38.9,29,7.5,5.1
Rasmus, Colby,458675,253,16.3,30.8,109.4,87.1,93.2,80.5,462,195,415,93,36.8,21,8.3,5
Bumgarner, Madison,518516,44,11.6,34.1,109.4,90,94.4,88.6,411,189,391,15,34.1,3,6.8,3.1
Schimpf, Ryan,572114,174,30.1,31,109.4,90.2,95.4,81.8,456,248,401,73,42,29,16.7,8.8
Reimold, Nolan,460099,142,13.8,30.3,109.4,86.6,90.6,85.7,417,159,389,46,32.4,7,4.9,3.1
Lee, Dae-Ho,493193,218,6.3,36.2,109.3,87.4,92.3,83.7,418,151,383,80,36.7,17,7.8,5.4
Hernandez, Teoscar,606192,73,12.4,30.1,109.3,90.2,92.3,89.3,432,192,409,20,27.4,3,4.1,2.7
Syndergaard, Noah,592789,26,11.9,34.6,109.3,86.4,98.1,69.4,415,232,404,13,50,8,30.8,11.9
Leon, Sandy,506702,192,9.7,39.1,109.3,85.5,90.2,82.3,443,172,388,52,27.1,8,4.2,2.8
Renfroe, Hunter,592669,30,16.4,26.7,109.3,89.2,92.2,88.8,434,166,408,13,43.3,4,13.3,11.1
Seager, Kyle,572122,491,16.5,37.1,109.3,90.1,93.4,87.6,429,194,391,205,41.8,45,9.2,6.7
Turner, Justin,457759,457,16.8,37.4,109.2,90.5,93.2,88.3,458,197,394,187,40.9,40,8.8,6.4
Toles, Andrew,592808,81,7.5,34.6,109.2,89.3,92.4,86.2,406,175,373,28,34.6,7,8.6,6.1
Gillaspie, Conor,543216,164,13.9,36.6,109.2,89.1,93.4,86.8,402,184,395,63,38.4,8,4.9,3.9
Wilson, Bobby,435064,175,12.1,36,109.2,83.5,90.3,77.6,421,164,394,46,26.3,6,3.4,2.4
Castellanos, Nicholas,592206,305,16.9,48.2,109.2,89.4,94.1,80.7,437,216,400,119,39,44,14.4,9.8
Howard, Ryan,429667,220,17,37.7,109.2,91.9,95.7,87.1,455,208,400,104,47.3,34,15.5,9.4
Ross, Joe,605452,26,2.1,23.1,109.1,90.6,91.4,90.8,379,124,,9,34.6,1,3.8,2.3
Bradley Jr., Jackie,598265,420,10.1,29.8,109.1,90.1,94.4,87.6,430,169,398,167,39.8,36,8.6,5.7
Granderson, Curtis,434158,420,18.4,34.5,109.1,87.6,91.7,83,442,192,389,140,33.3,31,7.4,4.9
Liriano, Francisco,434538,26,5.3,34.6,109.1,90.4,87.9,92.8,416,164,416,10,38.5,1,3.8,2.4
Hardy, J.J.,429666,344,12.1,29.4,109.1,89.9,92.9,89,423,168,377,134,39,13,3.8,3
Sands, Jerry,543742,31,3,25.8,109.1,86.3,85.7,88.7,421,104,421,8,25.8,1,3.2,1.7
Altuve, Jose,514888,580,10.9,39.7,109,87.5,92.1,83.3,449,176,397,210,36.2,40,6.9,5.6
Norris, Derek,519083,279,18.7,38.4,109,87.5,91.6,84.3,421,189,386,91,32.6,15,5.4,3.3
Headley, Chase,452104,354,11.7,33.6,109,87.1,90.1,85.1,433,165,391,118,33.3,21,5.9,4
McCann, Brian,435263,332,19.2,32.2,109,88.7,92.2,87.5,450,192,386,120,36.1,20,6,4.1
Garcia, Adonis,611177,439,7.9,30.5,109,89,91.7,88.3,435,154,393,153,34.9,23,5.2,4.1
Snyder, Brandon,474319,30,13.8,43.3,109,91.9,96.8,86.7,428,208,393,13,43.3,4,13.3,8.5
Votto, Joey,458015,444,11.6,41.4,109,89.6,93.5,85,420,184,395,173,39,43,9.7,6.4
Reddick, Josh,502210,343,13.9,32.1,109,87.5,90.3,86.2,426,172,391,111,32.4,12,3.5,2.7
Johnson, Kelly,430637,241,10.9,32,109,87.4,91.4,85.1,437,160,394,81,33.6,13,5.4,3.9
Loney, James,425766,308,12.6,34.7,108.9,87.4,89.4,86.4,426,166,380,97,31.5,5,1.6,1.4
Phillips, Brandon,408252,490,9.6,35.5,108.9,86.1,89,84.8,415,163,393,125,25.5,13,2.7,2.2
Bell, Josh,605137,112,6.8,24.1,108.9,88.1,93,85.2,419,150,393,42,37.5,6,5.4,3.9
Refsnyder, Rob,608701,125,4.6,33.6,108.9,89,90.8,88.1,385,144,,49,39.2,1,0.8,0.6
Span, Denard,452655,501,5.4,30.1,108.8,84.7,88.9,82.5,441,145,380,149,29.7,14,2.8,2.2
Suarez, Eugenio,553993,413,15.7,38.3,108.8,86.6,90.9,82.8,465,181,398,121,29.3,27,6.5,4.3
Gregorius, Didi,544369,490,13.5,32.7,108.8,85,88.6,82.9,402,172,373,124,25.3,14,2.9,2.3
Lobaton, Jose,446653,83,8.6,37.3,108.8,89,91.9,85.9,398,176,390,26,31.3,4,4.8,3.5
Lagares, Juan,501571,120,12.4,35,108.8,85.7,90.7,83.2,415,162,400,36,30,5,4.2,3.1
O'Brien, Peter,598284,37,16.2,29.7,108.8,86.2,96.5,77.9,424,195,401,11,29.7,6,16.2,9
Nimmo, Brandon,607043,53,10.7,32.1,108.7,88.1,90,86.2,442,173,442,15,28.3,1,1.9,1.3
Swihart, Blake,596119,46,9,37,108.7,87.7,90.8,86.8,394,160,,13,28.3,2,4.3,2.7
Castro, Jason,488771,207,10.8,34.3,108.7,88.5,93.4,84.2,453,172,402,83,40.1,20,9.7,5.3
Blanco, Gregor,453923,192,11.1,29.7,108.7,83.9,88.4,81.1,411,159,360,39,20.3,5,2.6,1.8
Duffy, Matt,622110,286,6.8,35,108.7,87,90.2,84.6,424,156,403,87,30.4,11,3.8,3
Chisenhall, Lonnie,502082,322,17.6,34.2,108.7,85.9,88.4,85.8,425,176,390,81,25.2,9,2.8,2.2
DeShields, Delino,592261,132,3.6,23.5,108.6,83.6,90.2,79.8,419,132,386,39,29.5,2,1.5,1
Eaton, Adam,594809,514,3.4,31.5,108.6,86.9,90.6,84.8,451,149,395,185,36,16,3.1,2.3
Swanson, Dansby,621020,98,9.6,35.7,108.6,88.2,92.4,84.8,401,172,389,35,35.7,7,7.1,4.8
Goeddel, Tyler,595963,163,5.6,25.8,108.6,86.4,91.2,84.4,428,143,383,48,29.4,3,1.8,1.3
Grossman, Robbie,543257,236,13.7,35.2,108.6,86.2,88.6,84.4,419,178,397,67,28.4,12,5.1,3.1
Szczur, Matt,519333,147,12.8,28.6,108.6,84.3,86.9,84.4,413,169,393,37,25.2,7,4.8,3.5
Flaherty, Ryan,475247,111,6.9,26.1,108.6,87.7,96.1,84.4,446,136,403,39,35.1,6,5.4,3.4
Samardzija, Jeff,502188,40,4,35,108.6,81.5,91.4,71.7,385,172,,14,35,2,5,2.9
Beckham, Gordon,493596,197,12.4,31.5,108.5,87.9,92.1,85.5,406,173,390,63,32,8,4.1,2.9
Gomes, Yan,543228,184,16.6,28.8,108.5,87,91,83.5,428,178,393,59,32.1,10,5.4,3.8
Gennett, Scooter,571697,387,11.7,34.4,108.5,86.7,89,86,437,172,393,96,24.8,15,3.9,2.8
Peralta, Jhonny,425509,236,13.4,38.1,108.5,87.5,93.1,82.2,438,183,403,78,33.1,15,6.4,4.8
Dyson, Jarrod,502481,269,2.3,27.5,108.5,81.3,85.7,79.7,386,123,384,61,22.7,1,0.4,0.3
Shuck, JB,543776,207,6.7,22.2,108.5,83.9,88,83,414,136,392,54,26.1,4,1.9,1.7
Choo, Shin-Soo,425783,132,10,38.6,108.4,91.2,95.5,87.3,421,184,395,62,47,10,7.6,4.8
Joyce, Matt,459964,164,13,30.5,108.4,88.8,94.5,84.7,444,168,406,65,39.6,16,9.8,5.5
Semien, Marcus,543760,431,15.1,32.5,108.4,87.8,92.8,82.9,455,191,399,151,35,29,6.7,4.7
Andrus, Elvis,462101,447,8.4,32.7,108.4,86.9,90.5,85.5,420,156,394,142,31.8,8,1.8,1.4
Jennings, Desmond,457775,144,9.6,27.8,108.4,85.7,92.3,82.3,417,161,393,48,33.3,7,4.9,3.1
Asche, Cody,605125,144,14.9,36.1,108.4,85.6,89,83.1,418,180,396,43,29.9,5,3.5,2.3
Vogt, Stephen,519390,410,19.2,41,108.4,85.8,90,80.6,413,200,391,110,26.8,21,5.1,3.9
Saladino, Tyler,573135,241,7.9,32.4,108.3,85.9,89,84.6,420,153,387,65,27,7,2.9,2.2
Recker, Anthony,489232,72,15.9,41.7,108.3,90.3,94.9,85.4,415,212,399,34,47.2,10,13.9,8.9
Van Slyke, Scott,475100,79,15.2,38,108.3,86,91.2,83.4,405,184,405,28,35.4,6,7.6,5.3
Green, Grant,502205,39,13.7,35.9,108.3,86.6,91.5,84,379,176,374,11,28.2,3,7.7,6
Arrieta, Jake,453562,38,11.7,39.5,108.3,87.3,93.4,80.6,440,213,411,14,36.8,3,7.9,4.3
Ackley, Dustin,554429,53,15.9,30.2,108.2,86.2,89.9,84.5,364,175,,14,26.4,0,0,0
Kipnis, Jason,543401,476,13.9,38.4,108.2,89.1,93.7,84.6,445,187,400,188,39.5,32,6.7,4.7
Perez, Hernan,541650,317,11.7,34.1,108.2,88.2,90,87.3,458,171,392,120,37.9,11,3.5,2.6
Walker, Neil,435522,331,17.5,36.6,108.2,88.6,92.7,84.5,423,193,394,124,37.5,24,7.3,5.2
Aviles, Mike,449107,143,6.1,25.9,108.2,85,90.1,84.5,387,137,349,38,26.6,0,0,0
Gyorko, Jedd,576397,305,15.1,36.7,108.2,87.7,93.3,82.2,456,190,402,110,36.1,31,10.2,7.1
Sanchez, Yolmer,570560,115,13.4,33.9,108.1,85.1,89.8,81.5,443,176,399,31,27,5,4.3,3.1
Gimenez, Chris,460269,103,6.5,35.9,108.1,85.2,92.7,78.8,419,163,403,33,32,6,5.8,3.9
Russell, Addison,608365,396,15.2,32.3,108.1,87.2,92.3,83.9,465,181,399,124,31.3,37,9.3,6.2
Gosewisch, Tuffy,488912,69,12.7,24.6,108.1,86.5,90.3,84,407,161,382,18,26.1,2,2.9,2
Coghlan, Chris,458085,189,7.8,30.7,108.1,87.3,92.7,83.4,392,159,371,58,30.7,8,4.2,2.7
Cabrera, Ramon,541608,146,12.6,32.2,108.1,87,89.4,85.7,381,177,365,37,25.3,3,2.1,1.6
Parra, Gerardo,467827,297,4.3,33.3,108.1,86.5,93,81.9,439,155,417,95,32,15,5.1,3.9
McGehee, Casey,431171,78,6.8,30.8,108.1,89.6,89,90.8,409,159,,27,34.6,2,2.6,2.1
Anderson, Tim,641313,300,5.4,30.7,108.1,86.8,91.7,84.2,442,147,401,105,35,17,5.7,3.9
Hoying, Jared,592419,38,23.9,21.1,108.1,86.7,90.2,88.7,386,168,,11,28.9,0,0,0
Peterson, Jace,607054,286,2.8,31.8,108.1,87.4,90.7,85.5,437,139,396,93,32.5,10,3.5,2.5
Mauer, Joe,408045,403,3.8,37,108,89.7,94,86.2,405,149,377,173,42.9,23,5.7,4
Mathis, Jeff,425772,91,13,26.4,108,86.6,88.1,86.3,383,168,373,28,30.8,1,1.1,0.8
Jankowski, Travis,608671,238,-1.7,28.6,108,82.7,86.9,80.5,412,121,402,64,26.9,3,1.3,0.8
Wainwright, Adam,425794,50,7.4,30,108,82.4,89,77.2,408,188,401,17,34,2,4,2.9
Rivera, Yadiel,592680,49,-0.9,28.6,107.9,86.4,90.8,84,391,135,,18,36.7,1,2,1.4
Collins, Tyler,607385,99,15.3,28.3,107.9,90,93.9,88.1,423,192,408,33,33.3,6,6.1,4
Galvis, Freddy,520471,460,12.4,34.8,107.9,85.6,90.2,81.3,417,178,383,127,27.6,14,3,2.2
Muncy, Max,571970,89,10.4,28.1,107.9,83.2,90.5,77.7,410,155,385,24,27,3,3.4,2.3
Rutledge, Josh,592710,31,3.8,19.4,107.9,91.4,97,90.3,393,126,,16,51.6,0,0,0
Owings, Chris,572008,354,7.6,29.4,107.9,87.1,91.4,84.1,415,168,397,116,32.8,10,2.8,2.1
Flores, Ramon,570717,198,9.2,24.2,107.9,83.7,85.9,83.6,411,132,411,41,20.7,4,2,1.4
Plawecki, Kevin,608700,99,3,25.3,107.8,84.9,90,83.2,392,119,392,24,24.2,2,2,1.3
Cervelli, Francisco,465041,259,5.9,29,107.8,86.4,91.9,83.3,393,140,352,82,31.7,4,1.5,1
Soto, Geovany,434567,59,10.9,44.1,107.8,86.2,91.3,81.8,426,193,413,18,30.5,5,8.5,5.8
Goins, Ryan,572365,138,6.2,23.9,107.8,86.6,92.6,83.2,385,148,365,46,33.3,5,3.6,2.6
Gonzalez, Adrian,408236,457,9.4,39.4,107.8,88,91.8,84.9,438,167,392,155,33.9,21,4.6,3.3
Cowart, Kaleb,592230,63,13.3,27,107.8,89.3,92,87.5,385,158,372,22,34.9,2,3.2,2.3
Reyes, Jose,408314,207,17.9,33.8,107.8,85,87,86.1,409,181,396,53,25.6,9,4.3,3.2
Vazquez, Christian,543877,133,1.8,27.1,107.8,87.1,91.6,84.9,393,121,393,45,33.8,2,1.5,1.1
Escobar, Eduardo,500871,283,15,33.9,107.7,85.3,89.6,82.8,448,172,392,70,24.7,9,3.2,2.4
Cabrera, Asdrubal,452678,420,14.5,36.9,107.7,88.2,92.3,84.3,416,184,381,139,33.1,24,5.7,4.2
Davis, Rajai,434658,351,14,30.8,107.7,85.9,89.5,83.9,426,163,399,105,29.9,12,3.4,2.4
Stewart, Chris,455755,83,9.2,30.1,107.7,85.9,88.5,86.4,388,149,388,23,27.7,0,0,0
Dozier, Brian,572821,484,18.4,31.2,107.7,87.5,94.1,81.2,454,189,400,174,36,40,8.3,5.8
Fernandez, Jose,605228,47,-12.7,14.9,107.7,77.4,89.6,73.9,363,86,,9,19.1,0,0,0
Hernandez, Gorkys,491676,43,12.5,39.5,107.6,87.7,93.7,82.7,428,214,417,20,46.5,2,4.7,3.5
Gordon, Alex,460086,298,15.4,35.6,107.6,87.8,92.5,82.8,436,189,407,110,36.9,26,8.7,5.1
Hicks, Aaron,543305,262,10.5,29,107.6,88.7,92.4,86.6,446,166,379,92,35.1,12,4.6,3.3
Gose, Anthony,543238,53,3.9,20.8,107.5,88.5,90,87.7,407,136,405,17,32.1,2,3.8,2
Mesoraco, Devin,519023,40,8.1,32.5,107.5,83.1,86.3,82.4,358,136,,7,17.5,0,0,0
Wong, Kolten,543939,266,10.4,30.1,107.5,86,88.5,84.6,401,167,385,70,26.3,8,3,2.2
Aybar, Erick,430947,352,4.3,27.3,107.5,83.3,87.6,81.1,403,133,380,54,15.3,2,0.6,0.4
Utley, Chase,400284,399,11.7,35.8,107.5,87.2,91.5,84,433,172,398,135,33.8,17,4.3,3
Ruiz, Carlos,434563,168,12.5,31.5,107.5,87.9,90.3,87.5,419,170,386,62,36.9,6,3.6,2.6
Profar, Jurickson,595777,213,6.7,26.8,107.5,86,89.2,85.5,415,143,395,61,28.6,6,2.8,2
Santana, Danny,542454,180,5.7,28.3,107.5,85.9,93.1,82.3,390,150,369,61,33.9,7,3.9,2.8
Avila, Alex,488671,92,6.9,38,107.5,91.3,96.8,87.1,435,151,376,37,40.2,8,8.7,3.8
Peraza, Jose,606299,211,10.4,40.8,107.4,84.2,85.3,84,429,162,415,49,23.2,4,1.9,1.6
Hernandez, Marco,593523,41,-2.9,24.4,107.4,85.9,86.6,85.1,394,128,394,11,26.8,1,2.4,1.8
Chirinos, Robinson,455139,106,14.9,38.7,107.4,85.2,94.3,76.8,423,199,399,37,34.9,11,10.4,6.5
Murphy, John Ryan,571974,66,16,21.2,107.4,86.4,90.6,82.6,422,169,422,20,30.3,2,3,2.2
Travis, Devon,581527,325,11.1,34.5,107.3,86.7,90.6,84.8,434,164,395,101,31.1,13,4,3
Perez, Carlos,542208,229,13,31.4,107.3,82.6,87.8,79.2,430,161,407,62,27.1,5,2.2,1.7
Gardner, Brett,458731,450,6.3,28.2,107.2,85.5,89.8,82.8,418,140,396,108,24,11,2.4,1.7
d'Arnaud, Travis,518595,204,8.4,24.5,107.2,88.6,93.7,86.8,430,142,395,82,40.2,7,3.4,2.5
Ortega, Rafael,542364,165,5,23.6,107.2,84.1,87.5,83.2,378,130,373,39,23.6,0,0,0
Smith, Mallex,605480,145,-3.8,22.1,107.1,79.5,91.7,73.8,401,135,365,31,21.4,4,2.8,1.9
Merrifield, Whit,593160,241,12,30.3,107.1,87.3,92.6,83.7,411,165,405,83,34.4,7,2.9,2.1
Lowrie, Jed,476704,277,11.5,39,107,85.7,88.9,83.1,406,165,345,67,24.2,2,0.7,0.5
Fryer, Eric,518700,95,7.8,28.4,107,82.1,85.9,80.4,375,130,,13,13.7,0,0,0
Rojas, Miguel,500743,175,3.5,27.4,106.9,81.1,84.8,79.7,405,132,405,36,20.6,1,0.6,0.5
Campbell, Eric,493472,52,6.2,34.6,106.9,88.1,92.4,85.6,353,139,353,17,32.7,1,1.9,1.1
Guyer, Brandon,446386,240,13.2,32.9,106.9,86.8,90.3,84.2,420,174,388,65,27.1,10,4.2,2.9
Carrera, Ezequiel,485567,209,0.6,24.9,106.9,81.8,92.1,77.2,406,120,375,65,31.1,8,3.8,2.6
Pinder, Chad,640461,38,9.2,31.6,106.9,89.5,97.6,83.9,402,176,385,19,50,4,10.5,7.3
Casali, Curt,592200,147,19.1,33.3,106.9,85.1,92.3,79.6,415,179,387,45,30.6,9,6.1,3.5
Pagan, Angel,434636,432,12.2,37.3,106.8,85.6,87.6,85,427,165,390,96,22.2,13,3,2.4
Gurriel, Yuli,493329,119,9.5,28.6,106.8,88.8,91.5,87.8,416,166,401,43,36.1,4,3.4,2.9
Jackson, Austin,457706,146,11.3,40.4,106.8,87,91,81.9,398,186,,47,32.2,3,2.1,1.5
Hamilton, Billy,571740,330,7,30.3,106.8,80,84.6,77.2,385,144,366,37,11.2,1,0.3,0.2
Pierzynski, A.J.,150229,221,7.4,31.2,106.8,87.5,91.1,85.7,393,149,390,76,34.4,4,1.8,1.5
Panik, Joe,605412,425,12.1,32.5,106.8,86.1,90.1,84,419,168,389,116,27.3,20,4.7,3.8
Franklin, Nick,545338,134,16,34.3,106.7,86.9,91,83.9,420,191,389,39,29.1,7,5.2,3.7
Maile, Luke,571912,86,10.8,27.9,106.7,87.4,89.4,86.8,428,161,393,34,39.5,3,3.5,2.4
Sardinas, Luis,596143,136,7.9,28.7,106.7,86.1,89.9,84,401,146,384,36,26.5,4,2.9,2
Hechavarria, Adeiny,588751,440,7.5,30.5,106.7,87.4,89.6,86.5,419,156,389,138,31.4,5,1.1,0.9
Ahmed, Nick,605113,231,8.4,29.9,106.7,86.5,90.5,84.3,413,161,393,67,29,6,2.6,1.9
Burriss, Emmanuel,502034,36,5.7,22.2,106.6,83.2,86.6,80.6,376,139,,8,22.2,0,0,0
Molina, Yadier,425877,473,9.1,35.7,106.6,87.6,90.7,85.6,414,171,387,132,27.9,17,3.6,2.9
Rivera, Rene,425784,134,10.4,32.8,106.6,85.7,91.3,81.5,440,159,395,39,29.1,6,4.5,2.9
Nicholas, Brett,592592,31,16.5,35.5,106.5,86.9,92.2,76.9,393,212,373,8,25.8,2,6.5,4.4
Hernandez, Cesar,514917,438,2.3,30.4,106.5,84.2,90.9,80.4,407,134,377,127,29,8,1.8,1.3
Arcia, Orlando,606115,154,6.2,26,106.5,86.6,92.2,84.2,437,135,395,46,29.9,3,1.9,1.4
Polanco, Jorge,593871,204,15.3,38.2,106.5,86.5,89.3,83.8,402,190,381,55,27,5,2.5,1.9
Gosselin, Phil,594838,178,6.2,32,106.5,85.4,87.3,84.6,415,153,402,44,24.7,3,1.7,1.3
Mercer, Jordy,474568,445,10.1,29.4,106.4,86.1,89.8,83.9,466,154,399,116,26.1,10,2.2,1.7
Drew, Stephen,452220,116,17.8,39.7,106.4,89.6,94.2,83.4,415,207,393,37,31.9,6,5.2,3.6
Crisp, Coco,424825,374,12.1,36.9,106.4,84.5,88.6,80,417,179,389,86,23,10,2.7,2
Suzuki, Kurt,435559,302,14.9,32.1,106.3,86.8,90.2,85.1,423,173,383,91,30.1,8,2.6,2.1
Ross, David,424325,121,13,41.3,106.3,84.6,91.3,75.2,429,204,400,39,32.2,12,9.9,5.9
Flores, Wilmer,527038,262,18.8,37.8,106.2,86.4,89.7,83.7,419,187,392,75,28.6,13,5,3.9
Petit, Gregorio,463610,156,8.1,34.6,106.2,86.7,92.7,83,401,151,375,51,32.7,5,3.2,2.2
Bregman, Alex,608324,150,18.7,40,106.2,88.1,92,83.3,433,205,388,53,35.3,10,6.7,4.6
Dahl, David,621311,163,10.8,39.9,106.1,87.9,90.7,86.4,443,167,407,54,33.1,8,4.9,3.4
Belt, Brandon,474832,398,21,43.7,106.1,87.2,91.6,79.9,457,217,401,131,32.9,45,11.3,6.9
Jaso, John,444379,308,7.1,34.1,106.1,86.2,89.8,84.2,418,155,393,99,32.1,15,4.9,3.5
Taylor, Chris,621035,46,8.6,37,106,86.6,91.6,82.8,412,184,412,11,23.9,2,4.3,3.1
deGrom, Jacob,594798,35,-11.4,11.4,106,78.7,95.9,74.2,346,84,,9,25.7,0,0,0
Romine, Andrew,461865,139,5.6,32.4,106,82.9,86.5,81.1,406,143,378,29,20.9,3,2.2,1.5
Descalso, Daniel,518614,198,10,40.4,106,87.4,90.2,85,421,179,396,69,34.8,6,3,2.1
Montero, Miguel,471083,185,8.9,28.6,106,86.2,90.9,84.1,425,167,387,48,25.9,10,5.4,3.5
Garcia, Leury,544725,35,2,28.6,106,88.9,90.8,87.4,388,170,388,11,31.4,1,2.9,2
Martinez, Michael,492841,79,13.7,29.1,106,84.7,87.3,83.6,417,159,417,15,19,1,1.3,0.9
Wendle, Joey,621563,81,5.4,33.3,105.9,91,90.1,92.1,395,142,395,30,37,1,1.2,1
Garcia, Greg,594824,165,5.5,36.4,105.9,84.4,88.7,80.5,408,155,389,38,23,5,3,1.9
Rosario, Eddie,592696,249,10.5,33.3,105.8,86.9,92.4,82.5,446,163,392,79,31.7,12,4.8,3.4
Escobar, Alcides,444876,556,8.3,32,105.8,82.9,86.7,80.9,417,151,399,98,17.6,8,1.4,1.2
Fuentes, Rey,571681,33,6.9,30.3,105.8,81.4,84.7,79.4,310,106,,6,18.2,0,0,0
Simmons, Andrelton,592743,415,4.1,30.1,105.8,86.2,89.1,84.5,409,136,397,123,29.6,5,1.2,1
Prado, Martin,445988,536,8.9,32.5,105.8,87.9,88.2,88.6,415,152,396,166,31,7,1.3,1.1
Spangenberg, Cory,605486,35,-4.8,20,105.7,81.4,94.9,77.9,395,92,395,8,22.9,1,2.9,1.9
Coats, Jason,605183,39,4.3,23.1,105.7,88.7,93.8,85.7,390,153,390,15,38.5,3,7.7,5.2
De Aza, Alejandro,457477,169,14.9,43.2,105.6,86.8,91.6,80.3,413,195,387,45,26.6,8,4.7,3
Scherzer, Max,453286,53,-11.5,9.4,105.6,76,90.5,72.7,368,86,,10,18.9,0,0,0
Cozart, Zack,446359,385,15.2,32.5,105.6,86.1,89.5,83.5,444,174,392,109,28.3,9,2.3,1.8
Thole, Josh,489365,94,13.7,36.2,105.6,84.9,89.6,79.4,402,176,402,22,23.4,2,2.1,1.5
Rivera, T.J.,608061,92,13.2,37,105.6,85.8,89.3,83.3,395,161,374,27,29.3,2,2.2,1.8
Ramirez, Alexei,493351,418,8.9,31.1,105.5,84.3,86.9,83.3,403,136,381,99,23.7,2,0.5,0.4
Kinsler, Ian,435079,506,18.3,37.5,105.5,87,90.6,82.9,417,200,381,157,31,20,4,2.9
Peralta, Wily,503449,26,13.7,30.8,105.5,80.6,88.6,73,429,227,429,7,26.9,2,7.7,4.9
Suzuki, Ichiro,400085,290,6.7,36.2,105.5,83.7,86.7,82.5,392,142,369,58,20,2,0.7,0.5
Blanco, Andres,433217,150,5.9,31.3,105.5,88.3,91.9,86.6,414,148,388,53,35.3,3,2,1.4
Ellis, A.J.,454560,144,12.8,32.6,105.5,85.7,89.8,82.3,445,173,394,48,33.3,4,2.8,2
Bandy, Jett,542908,178,21.7,37.1,105.4,86.4,89.9,82,404,214,392,52,29.2,11,6.2,4.8
Gillespie, Cole,502261,38,16.5,44.7,105.4,91.6,92.6,91.6,399,207,,16,42.1,2,5.3,3.6
Holaday, Bryan,592407,92,23.4,29.3,105.3,84.1,88,80.6,411,198,377,19,20.7,6,6.5,4.7
Infante, Omar,408299,117,11.7,38.5,105.3,84.3,86.9,81.6,378,180,,27,23.1,0,0,0
Conger, Hank,474233,85,13.7,23.5,105.3,87.2,93.7,82.1,386,154,367,26,30.6,3,3.5,2.2
Nava, Daniel,537953,103,13.6,40.8,105.3,89.4,92.5,86.2,384,200,384,36,35,2,1.9,1.4
Clevenger, Steve,502182,54,6.6,33.3,105.2,88.5,89.4,87.6,377,147,363,18,33.3,1,1.9,1.3
Martinez, Carlos,593372,51,-6.8,13.7,105.2,79.8,85.8,79.5,358,82,,11,21.6,0,0,0
d'Arnaud, Chase,488818,186,12.9,37.1,105.2,84.2,88.5,81.5,403,165,403,40,21.5,1,0.5,0.4
Reynolds, Matt,608703,57,1.8,31.6,105.2,84.4,93.8,79.1,404,136,396,20,35.1,4,7,4.2
Barnhart, Tucker,571466,310,8.8,39,105.1,85.2,90.2,80.9,403,162,377,72,23.2,7,2.3,1.7
Difo, Wilmer,594694,46,2.1,28.3,105.1,89,92,87.4,393,140,393,16,34.8,3,6.5,4.5
Holt, Brock,571788,236,6,31.4,105.1,85.8,89.2,84.6,418,143,388,62,26.3,6,2.5,1.9
Culberson, Charlie,518586,54,8,35.2,105.1,85.2,88,84.1,392,163,392,17,31.5,1,1.9,1.5
Bourn, Michael,456422,293,5.4,33.1,105.1,82.1,88.9,77.2,408,159,400,50,17.1,9,3.1,2.2
Perdomo, Luis,606131,26,3.6,30.8,105.1,75.1,76,71.7,275,111,,5,19.2,0,0,0
La Stella, Tommy,600303,121,15.7,38.8,105.1,88.7,92.5,84.7,402,196,384,40,33.1,7,5.8,4.1
Hill, Aaron,431094,323,16,35.9,105.1,86.8,89.5,85.6,404,185,346,87,26.9,4,1.2,0.9
Pollock, A.J.,572041,33,15.8,18.2,105,88.2,92,85.6,427,199,411,10,30.3,3,9.1,6.5
Aoki, Norichika,493114,378,1.8,24.6,104.9,85.7,89.6,84.3,402,126,383,93,24.6,3,0.8,0.6
Eickhoff, Jerad,595191,49,6.6,26.5,104.9,86.8,87.6,87.1,345,132,,13,26.5,0,0,0
Lough, David,518953,60,13,31.7,104.9,84.4,87.2,85.1,397,158,,14,23.3,0,0,0
Tomlinson, Kelby,605509,89,3.9,30.3,104.9,82.8,85.6,82.1,370,143,,19,21.3,0,0,0
Benintendi, Andrew,643217,82,14.4,32.9,104.8,86.3,91.3,81.2,404,196,373,22,26.8,3,3.7,2.5
Wolters, Tony,547172,156,5,36.5,104.8,82.6,86.9,79.2,422,164,401,30,19.2,4,2.6,1.7
Strasburg, Stephen,544931,44,-9.7,13.6,104.8,77.4,82.8,76,300,75,,12,27.3,0,0,0
Pena, Francisco,506747,27,10.8,18.5,104.8,84.4,90.9,82.4,409,160,409,8,29.6,1,3.7,2.3
Joseph, Caleb,543376,106,12.6,34,104.7,85.6,89.7,81.8,399,172,,24,22.6,0,0,0
Giavotella, Johnny,543213,314,8.8,31.2,104.7,84.9,88.6,82.9,399,150,380,67,21.3,6,1.9,1.6
Heredia, Guillermo,628338,78,8.7,20.5,104.6,81.1,83.7,81.1,384,137,384,13,16.7,1,1.3,0.9
McBride, Matt,473724,33,23.9,27.3,104.6,84.8,85.9,89,337,177,,5,15.2,0,0,0
Brantley, Michael,488726,34,10.3,35.3,104.5,89.3,90.7,88.2,339,172,,10,29.4,0,0,0
Adames, Cristhian,542436,181,0.9,23.8,104.5,82.9,87.2,81.3,415,115,413,44,24.3,4,2.2,1.6
Guerra, Junior,448855,30,-13.7,20,104.5,72.5,89.7,67.4,317,118,,5,16.7,0,0,0
Narvaez, Omar,553882,89,14.1,43.8,104.5,84.6,86.8,84.1,379,169,365,10,11.2,1,1.1,0.9
Garneau, Dustin,572863,47,21.8,38.3,104.5,84.9,90.8,78.2,387,197,387,11,23.4,3,6.4,4
Pina, Manny,444489,56,20.6,32.1,104.4,88.2,91.7,85.4,426,202,415,18,32.1,2,3.6,2.5
Selsky, Steve,592731,30,4.9,40,104.4,88.5,96.7,81.3,423,159,407,13,43.3,4,13.3,7.4
Tapia, Raimel,606132,28,11.9,28.6,104.4,79.7,82,78.9,341,147,,2,7.1,0,0,0
Navarro, Dioner,425900,238,17.3,33.2,104.3,84.4,88.5,81.3,392,179,363,53,22.3,5,2.1,1.5
Buss, Nick,502544,60,13.1,38.3,104.3,82.9,89.6,76.5,409,187,403,12,20,2,3.3,2.2
Finnegan, Brandon,605232,40,-10.6,10,104.3,77.3,91.2,74.6,303,88,,11,27.5,0,0,0
Bonifacio, Emilio,466988,28,3.1,17.9,104.2,85.4,87.8,85.1,385,154,,9,32.1,1,3.6,2.3
Rollins, Jimmy,276519,117,11.5,31.6,104.2,84.8,86.5,84.8,388,150,387,20,17.1,2,1.7,1.2
Byrd, Marlon,407781,80,16.6,43.8,104.2,87.2,91.8,80.9,411,199,401,30,37.5,6,7.5,4.7
Iribarren, Hernan,454975,34,-5.1,26.5,104.2,87.6,89.6,86.6,381,91,,10,29.4,0,0,0
Hammel, Jason,434628,44,-1.1,25,104.1,80.7,90,77.5,386,148,,12,27.3,0,0,0
Pedroia, Dustin,456030,564,8.4,35.5,104.1,88.5,91.4,86.5,417,160,376,163,28.9,14,2.5,2
Pennington, Cliff,460060,120,12.7,37.5,104,83.1,88.2,77.7,425,171,407,28,23.3,3,2.5,1.6
O'Malley, Shawn,502523,152,3.5,27,103.9,79.5,87.2,74.6,409,145,391,21,13.8,1,0.7,0.4
Velasquez, Vince,592826,27,-9,18.5,103.8,82.8,87.5,80.9,349,119,,9,33.3,0,0,0
Worth, Danny,519445,33,10.9,30.3,103.8,86.8,92.4,83.5,358,137,,10,30.3,0,0,0
De Jesus Jr., Ivan,474443,173,5.2,37,103.8,83.5,87.2,80.5,410,143,410,34,19.7,2,1.2,0.8
Colon, Christian,518568,117,5.7,24.8,103.7,85,89.1,83.3,419,143,419,31,26.5,1,0.9,0.6
Centeno, Juan,518542,141,3.6,34,103.6,83.5,89.6,78.9,393,151,377,31,22,3,2.1,1.6
Amarista, Alexi,506560,116,11,29.3,103.5,86.5,88.7,85.6,371,155,,28,24.1,1,0.9,0.7
Frazier, Adam,624428,121,9.5,45.5,103.5,85.8,88.8,83.4,407,165,397,26,21.5,2,1.7,1.3
Leake, Mike,502190,33,8.9,39.4,103.4,81.1,91.1,71.7,388,187,,9,27.3,1,3,1.8
Jay, Jon,445055,271,6.4,34.3,103.4,85.3,89.1,83.1,406,137,376,63,23.2,3,1.1,0.8
Tejada, Ruben,514913,57,11.4,31.6,103.4,84.7,91,80.2,406,168,,12,21.1,0,0,0
Ray, Robbie,592662,33,-13.4,21.2,103.4,76.6,95.1,69.6,397,144,397,5,15.2,1,3,1.7
Barney, Darwin,446381,235,9.7,35.3,103.3,85.5,89.6,83,420,151,369,56,23.8,4,1.7,1.3
Rickard, Joey,572073,208,10.8,33.7,103.3,84.3,88.2,80.7,412,169,389,47,22.6,5,2.4,1.8
Harrison, Josh,543281,423,11.5,36.9,103.3,85.2,89.5,81.3,410,182,388,99,23.4,9,2.1,1.7
Lackey, John,407793,36,1.6,30.6,103.2,82.8,91.8,76.9,358,165,,8,22.2,1,2.8,1.4
Crawford, Carl,408307,71,0.5,26.8,103.2,86.5,87.9,85.8,341,137,,17,23.9,0,0,0
Severino, Pedro,600474,25,9.9,16,103.1,87.7,93.7,87.3,421,130,405,7,28,0,0,0
Garcia, Jaime,448802,32,-7.8,25,103.1,75.3,86.6,70.9,360,140,,9,28.1,1,3.1,2
Inciarte, Ender,542255,461,7,31.5,103.1,84.5,87.7,82.5,412,146,390,69,15,3,0.7,0.5
Decker, Jaff,543094,39,12.8,35.9,103.1,82.7,86.9,78.5,386,159,,9,23.1,0,0,0
Presley, Alex,502100,97,9.2,32,103,85.6,90,82.4,392,158,388,23,23.7,4,4.1,3
Brown, Trevor,623143,134,14.4,31.3,103,84.1,88.2,82.1,407,164,393,28,20.9,1,0.7,0.5
Kelly, Ty,571841,51,17.1,27.5,103,87,89,86.9,407,187,407,10,19.6,1,2,1.4
Revere, Ben,519184,320,4.4,30.3,102.9,82.3,86,80,395,137,388,51,15.9,2,0.6,0.5
Rosario, Alberto,451705,34,2.8,35.3,102.9,83.1,89.4,80.1,390,127,,10,29.4,0,0,0
Norris, Bud,502032,27,-7.8,25.9,102.9,70.4,88,61.3,342,149,,3,11.1,0,0,0
Walsh, Colin,595023,25,9.3,24,102.8,85.5,89.7,82.4,327,138,,4,16,0,0,0
Hendricks, Kyle,543294,37,-6.5,24.3,102.8,71.7,83.2,65.9,340,143,,3,8.1,0,0,0
Butera, Drew,460077,89,11.4,36,102.7,83.4,86.5,80.1,419,179,394,19,21.3,4,4.5,3
Hanson, Alen,593700,26,9.7,19.2,102.6,85.2,86.3,88.3,323,126,,5,19.2,0,0,0
Gentry, Craig,502226,29,-1.7,20.7,102.6,82.2,90,79.1,356,116,,3,10.3,0,0,0
Teheran, Julio,527054,44,0.5,27.3,102.3,73.2,87.2,65.1,342,169,,7,15.9,0,0,0
Roark, Tanner,543699,45,-0.3,28.9,102.2,75.5,84.1,70.1,381,139,,5,11.1,1,2.2,1.3
Alberto, Hanser,593643,41,9.8,22,102.2,79.3,84,75.8,387,115,,5,12.2,2,4.9,3.4
Torreyes, Ronald,591720,138,3.9,28.3,102.1,84.7,90.3,82.1,416,133,416,31,22.5,1,0.7,0.6
Pacheco, Jordan,457574,37,14.3,27,102.1,78.1,84.2,71.5,362,155,,5,13.5,0,0,0
Schafer, Logan,502582,48,10.5,29.2,102,82.9,85.7,82.7,401,153,,11,22.9,1,2.1,1.4
Ladendorf, Tyler,502285,36,9.3,25,102,82.2,89,76.4,355,161,,5,13.9,0,0,0
Quinn, Roman,596451,40,0.4,27.5,102,82.1,84,80.9,401,134,,7,17.5,1,2.5,1.4
Hunter, Cedric,501986,28,18.8,17.9,101.9,83.7,86.8,82.7,399,148,399,7,25,1,3.6,2.8
Renda, Tony,573113,51,1.6,31.4,101.8,83.4,87.3,80.9,346,129,,9,17.6,0,0,0
Castro, Daniel,593495,108,4.1,27.8,101.7,82.9,85.2,82.4,363,125,,16,14.8,0,0,0
Adrianza, Ehire,501303,54,8.1,22.2,101.7,78.6,84.2,73.2,371,155,357,7,13,0,0,0
Pena, Ramiro,455369,71,16.9,29.6,101.6,86.7,88.4,87.6,397,152,397,19,26.8,1,1.4,1.1
Gordon, Dee,543829,273,1.3,26.4,101.5,80.6,85.4,78.3,377,121,377,38,13.9,0,0,0
Weeks, Jemile,457789,39,4.1,25.6,101.4,82.7,91.9,74.5,382,168,,12,30.8,2,5.1,3.5
Kershaw, Clayton,477132,37,-10.7,18.9,101.4,83.3,89.2,82,353,88,,8,21.6,0,0,0
Corbin, Patrick,571578,38,-1.7,26.3,100.9,77.4,82.1,75,306,125,,5,13.2,0,0,0
Hanigan, Ryan,452672,78,6.4,33.3,100.8,82.4,86.3,80.9,406,145,406,13,16.7,0,0,0
Wisler, Matt,605538,31,-15.7,12.9,100.7,74.7,85.2,72.7,325,69,,2,6.5,0,0,0
Kemp, Tony,643393,95,9,33.7,100.5,83.7,89.2,80,391,169,391,17,17.9,1,1.1,0.7
Gonzalez, Gio,461829,34,-2.8,29.4,100.5,72.7,87,63,376,157,,4,11.8,0,0,0
Chatwood, Tyler,543022,42,-3,19,100.1,76.5,79.9,74.9,355,106,,5,11.9,0,0,0
Robinson, Shane,453203,83,9.9,32.5,99.9,82.8,87.2,80.5,377,148,340,11,13.3,0,0,0
Matz, Steven,571927,30,-4.9,23.3,99.3,78.1,90.6,70.3,393,141,,5,16.7,1,3.3,2.2
Anderson, Tyler,542881,27,-7,18.5,99.3,74.8,86.1,70.5,395,126,395,2,7.4,0,0,0
Janish, Paul,457926,28,17.9,42.9,99.2,80.1,83.4,78.5,349,171,,3,10.7,0,0,0
Cueto, Johnny,456501,58,-12.1,13.8,98.1,70.9,84.6,68.4,316,95,,3,5.2,0,0,0
Elmore, Jake,518653,63,0.6,23.8,97.9,79.2,80.9,78.2,380,125,,6,9.5,0,0,0
Koehler, Tom,543408,27,-5.6,22.2,97.6,76.4,88.5,71.7,330,79,,2,7.4,0,0,0
Davies, Zach,605200,38,-4.6,2.6,97.6,70.2,81.9,68.3,336,90,,2,5.3,0,0,0
Hellickson, Jeremy,476451,38,-15.5,18.4,96.7,71.3,89.3,66.9,300,72,,1,2.6,0,0,0
De La Rosa, Jorge,407822,25,-9.6,12,96.4,76.8,79.1,76.1,254,88,,2,8,0,0,0
Bettis, Chad,518452,33,-22.6,6.1,95.8,73,90.2,70.3,297,52,,2,6.1,0,0,0
Maeda, Kenta,628317,49,0.6,20.4,94.9,71.5,83,64.6,358,141,358,0,0,0,0,0
Kazmir, Scott,431148,25,-6.7,12,94.7,66.7,75.9,63.3,321,100,,0,0,0,0,0
Chen, Wei-Yin,612672,31,-16.7,3.2,92.5,65.8,64.5,65.4,284,55,,0,0,0,0,0
Nelson, Jimmy,519076,25,-11.3,12,91.9,63.6,70.5,61.2,272,71,,0,0,0,0,0